{"cameraMode":{"drawMode":0,"name":"Shaded","section":"Shading Mode"},"sceneLighting":true,"audioPlay":false,"sceneViewState":{"showFog":true,"showMaterialUpdate":false,"showSkybox":true,"showFlares":true,"showImageEffects":true,"showParticleSystems":true},"in2DMode":false,"pivot":{"x":-0.9952855110168457,"y":0.8037832975387573,"z":1.8976377248764039},"rotation":{"x":0.1500757336616516,"y":0.761297881603241,"z":-0.18993720412254334,"w":0.6015259027481079},"size":1.1660254001617432,"orthographic":false}